-- phpMyAdmin SQL Dump
-- version 5.2.0
-- https://www.phpmyadmin.net/
--
-- Хост: 127.0.0.1
-- Время создания: Дек 14 2023 г., 09:49
-- Версия сервера: 10.4.27-MariaDB
-- Версия PHP: 8.2.0

SET SQL_MODE = "NO_AUTO_VALUE_ON_ZERO";
START TRANSACTION;
SET time_zone = "+00:00";


/*!40101 SET @OLD_CHARACTER_SET_CLIENT=@@CHARACTER_SET_CLIENT */;
/*!40101 SET @OLD_CHARACTER_SET_RESULTS=@@CHARACTER_SET_RESULTS */;
/*!40101 SET @OLD_COLLATION_CONNECTION=@@COLLATION_CONNECTION */;
/*!40101 SET NAMES utf8mb4 */;

--
-- База данных: `gradebook`
--

-- --------------------------------------------------------

--
-- Структура таблицы `grade`
--

CREATE TABLE `grade` (
  `id` int(11) NOT NULL,
  `grade` varchar(11) NOT NULL,
  `subject_id` int(11) DEFAULT NULL,
  `student_id` int(11) DEFAULT NULL,
  `lesson_num` int(11) DEFAULT NULL
) ENGINE=InnoDB DEFAULT CHARSET=utf8 COLLATE=utf8_general_ci;

--
-- Дамп данных таблицы `grade`
--

INSERT INTO `grade` (`id`, `grade`, `subject_id`, `student_id`, `lesson_num`) VALUES
(2, '5', 1, 2, 15),
(3, '5', 1, 3, 15),
(4, '5', 1, 4, 15),
(5, '5', 1, 6, 15),
(6, '5', 1, 5, 15),
(7, '5', 1, 7, 15),
(8, '5', 1, 8, 15),
(9, '5', 1, 9, 15),
(10, '5', 1, 10, 15),
(12, '2', 1, 2, 3),
(13, '2', 1, 3, 3),
(14, '2', 1, 4, 3),
(15, '2', 1, 5, 3),
(16, '3', 1, 6, 3),
(17, '3', 1, 7, 3),
(18, '3', 1, 8, 3),
(19, '3', 1, 9, 3),
(20, '3', 1, 10, 3),
(21, '', 2, 11, 1),
(22, '2', 2, 11, 2),
(23, '', 2, 11, 3),
(24, '', 2, 11, 4),
(25, '', 2, 11, 5),
(26, '', 2, 11, 6),
(27, '2', 2, 11, 7),
(28, '2', 2, 11, 8),
(29, '2', 2, 11, 9),
(30, '2', 2, 11, 10),
(31, '2', 2, 11, 11),
(32, '2', 2, 11, 12),
(33, '2', 2, 11, 13),
(34, '2', 2, 11, 14),
(35, '2', 2, 11, 15),
(36, '2', 2, 11, 16),
(37, '2', 2, 11, 17),
(38, '2', 2, 11, 18),
(39, '2', 2, 11, 19),
(40, '2', 2, 11, 20),
(41, '2', 2, 11, 21),
(42, '2', 2, 11, 22),
(43, '2', 2, 11, 23),
(44, '2', 2, 11, 24),
(45, '2', 2, 11, 25),
(46, '2', 2, 11, 26),
(47, '2', 2, 11, 27),
(48, '2', 2, 11, 28),
(49, '2', 2, 11, 29),
(50, '2', 2, 11, 30),
(51, '2', 2, 11, 31),
(54, '', 2, 3, 4),
(55, '', 2, 5, 4),
(56, '', 2, 7, 4),
(57, '', 2, 9, 4),
(58, '', 2, 3, 10),
(59, '', 2, 4, 12),
(60, '5', 1, 3, 10),
(61, '5', 1, 4, 10),
(62, '5', 1, 5, 10),
(63, '5', 1, 6, 10),
(64, '5', 1, 7, 10),
(65, '5', 1, 8, 10),
(66, '5', 1, 3, 22),
(67, '5', 1, 5, 22),
(68, '5', 1, 6, 22),
(69, '5', 1, 7, 22),
(70, '5', 1, 8, 22),
(71, '5', 1, 8, 23),
(72, '5', 1, 7, 23),
(73, '5', 1, 6, 23),
(74, '5', 1, 5, 23),
(75, '5', 1, 4, 23),
(76, '5', 1, 4, 22),
(77, '5', 1, 4, 21),
(78, '5', 1, 4, 20),
(79, '5', 1, 5, 20),
(80, '5', 1, 6, 20),
(81, '5', 1, 7, 20),
(82, '5', 1, 8, 20),
(83, '5', 1, 9, 20),
(84, '5', 1, 10, 20),
(85, '5', 1, 10, 21),
(86, '5', 1, 10, 22),
(87, '5', 1, 10, 23),
(88, '5', 1, 10, 24),
(89, '5', 1, 10, 25),
(90, '5', 1, 9, 25),
(91, '5', 1, 8, 25),
(92, '5', 1, 7, 25),
(93, '5', 1, 6, 25),
(94, '5', 1, 5, 25),
(95, '5', 1, 4, 25),
(96, '5', 1, 3, 25),
(97, '5', 1, 3, 24),
(98, '5', 1, 2, 24),
(99, '5', 1, 2, 23),
(102, '5', 1, 2, 22),
(103, '5', 1, 2, 21),
(104, '5', 1, 2, 20),
(105, '5', 1, 2, 19),
(106, '5', 1, 3, 19),
(107, '5', 2, 12, 1),
(108, '5', 2, 12, 2),
(109, '5', 2, 12, 3),
(110, '5', 2, 12, 4),
(111, '5', 2, 12, 5),
(112, '5', 2, 12, 6),
(113, '5', 2, 12, 7),
(114, '5', 2, 12, 8),
(115, '5', 2, 12, 10),
(116, '5', 2, 12, 9),
(117, '5', 2, 12, 11),
(118, '5', 2, 12, 12),
(119, '5', 2, 12, 13),
(120, '5', 2, 12, 14),
(121, '5', 2, 12, 15),
(122, '5', 2, 12, 16),
(123, '5', 2, 12, 17),
(124, '5', 2, 12, 18),
(125, '5', 2, 12, 19),
(126, '5', 2, 12, 20),
(127, '5', 2, 12, 21),
(128, '5', 2, 12, 22),
(129, '5', 2, 12, 23),
(130, '5', 2, 12, 24),
(131, '5', 2, 12, 25),
(132, '5', 2, 12, 26),
(133, '5', 2, 12, 27),
(134, '5', 2, 12, 28),
(135, '5', 2, 12, 29),
(136, '5', 2, 12, 30),
(137, '5', 2, 12, 31),
(167, '', 2, 2, 1),
(168, '', 2, 2, 2),
(169, '', 2, 2, 3),
(170, '', 2, 2, 4),
(171, '', 2, 2, 5),
(172, '', 2, 2, 6),
(173, '', 2, 2, 7),
(174, '', 2, 2, 8),
(175, '', 2, 2, 9),
(176, '', 2, 2, 10),
(177, '', 2, 2, 11),
(178, '', 2, 2, 12),
(179, '', 2, 2, 13),
(180, '', 2, 2, 14),
(181, '', 2, 2, 15),
(182, '', 2, 2, 16),
(183, '', 2, 2, 17),
(184, '', 2, 2, 18),
(185, '', 2, 2, 19),
(186, '', 2, 2, 22),
(187, '', 2, 2, 23),
(188, '', 2, 2, 24),
(189, '', 2, 2, 25),
(190, '', 2, 2, 26),
(191, '', 2, 2, 27),
(192, '', 2, 2, 28),
(193, '', 2, 2, 29),
(194, '', 2, 2, 30),
(195, '', 2, 2, 31),
(196, '', 2, 3, 1),
(197, '', 2, 3, 2),
(198, '', 2, 3, 3),
(199, '', 2, 3, 5),
(200, '', 2, 3, 6),
(201, '', 2, 3, 7),
(202, '', 2, 3, 8),
(203, '', 2, 3, 9),
(204, '', 2, 3, 11),
(205, '', 2, 3, 12),
(206, '', 2, 3, 13),
(207, '', 2, 3, 14),
(208, '2', 2, 3, 15),
(209, '2', 2, 3, 16),
(210, '2', 2, 3, 17),
(211, '', 2, 3, 18),
(212, '', 2, 3, 19),
(213, '', 2, 3, 20),
(214, '', 2, 3, 21),
(215, '', 2, 3, 22),
(216, '', 2, 3, 23),
(217, '', 2, 3, 27),
(218, '', 2, 4, 27),
(219, '', 2, 5, 27),
(220, '2', 2, 7, 27),
(221, '', 2, 6, 27),
(222, '2', 2, 8, 27),
(223, '2', 2, 9, 27),
(224, '2', 2, 10, 27),
(225, '', 2, 6, 13),
(226, '', 2, 7, 13),
(227, '', 2, 5, 13),
(228, '', 2, 4, 13),
(229, '', 2, 8, 13),
(230, '', 2, 9, 13),
(231, '0', 2, 10, 13),
(232, '0', 2, 10, 14),
(233, '0', 2, 9, 14),
(234, '0', 2, 8, 14),
(235, '0', 2, 7, 14),
(236, '0', 2, 5, 14),
(237, '', 2, 6, 14),
(238, '', 2, 5, 15),
(239, '', 2, 4, 15),
(240, '', 2, 4, 14),
(241, '', 2, 7, 15),
(242, '0', 2, 9, 16),
(243, '0', 2, 9, 15),
(244, '0', 2, 10, 15),
(245, '0', 2, 8, 15),
(246, '0', 2, 8, 16),
(247, '', 2, 7, 16),
(248, '', 2, 6, 16),
(249, '', 2, 5, 16),
(250, '', 2, 4, 16),
(251, '', 2, 6, 15),
(252, '0', 2, 10, 16),
(253, '0', 2, 10, 17),
(254, '0', 2, 9, 17),
(255, '0', 2, 8, 17),
(256, '', 2, 7, 17),
(257, '', 2, 6, 17),
(258, '', 2, 5, 17),
(259, '', 2, 4, 17),
(260, '', 2, 4, 18),
(261, '', 2, 5, 18),
(262, '', 2, 6, 18),
(263, '', 2, 7, 18),
(264, '0', 2, 8, 18),
(265, '0', 2, 9, 18),
(266, '0', 2, 10, 18),
(267, '', 2, 6, 19),
(268, '', 2, 7, 19),
(269, '0', 2, 8, 19),
(270, '0', 2, 9, 19),
(271, '0', 2, 10, 19),
(272, '0', 2, 10, 20),
(273, '0', 2, 9, 20),
(274, '0', 2, 8, 20),
(275, '', 2, 7, 20),
(276, '', 2, 6, 20),
(277, '', 2, 5, 20),
(278, '', 2, 5, 19),
(279, '', 2, 4, 19),
(280, '', 2, 4, 20),
(281, '', 2, 4, 21),
(282, '', 2, 4, 22),
(283, '', 2, 5, 22),
(284, '', 2, 5, 21),
(285, '', 2, 6, 21),
(286, '', 2, 6, 22),
(287, '0', 2, 7, 22),
(288, '', 2, 7, 21),
(289, '0', 2, 9, 21),
(290, '0', 2, 9, 22),
(291, '0', 2, 8, 22),
(292, '0', 2, 8, 21),
(293, '0', 2, 10, 21),
(294, '0', 2, 10, 22),
(295, '0', 2, 10, 23),
(296, '0', 2, 9, 23),
(297, '0', 2, 8, 23),
(298, '0', 2, 7, 23),
(299, '', 2, 6, 23),
(300, '0', 2, 5, 23),
(301, '', 2, 4, 23),
(302, '', 2, 3, 24),
(303, '', 2, 4, 24),
(304, '', 2, 5, 24),
(305, '', 2, 6, 24),
(306, '0', 2, 7, 24),
(307, '0', 2, 8, 24),
(308, '0', 2, 9, 24),
(309, '0', 2, 10, 24),
(310, '0', 2, 10, 25),
(311, '0', 2, 9, 25),
(312, '0', 2, 8, 25),
(313, '0', 2, 7, 25),
(314, '', 2, 6, 25),
(315, '', 2, 5, 25),
(316, '', 2, 4, 25),
(317, '', 2, 3, 26),
(318, '', 2, 3, 25),
(319, '', 2, 4, 26),
(320, '', 2, 5, 26),
(321, '', 2, 6, 26),
(322, '0', 2, 7, 26),
(323, '0', 2, 8, 26),
(324, '0', 2, 9, 26),
(325, '0', 2, 10, 26),
(326, '5', 2, 5, 10),
(327, 'Н', 2, 7, 5),
(328, 'Н', 2, 6, 5),
(329, 'Н', 2, 5, 5),
(330, 'У', 2, 5, 6),
(331, 'У', 2, 6, 6),
(332, 'У', 2, 7, 6),
(333, '2', 2, 5, 7),
(334, '2', 2, 6, 7),
(335, '2', 2, 7, 7),
(336, '3', 2, 7, 8),
(337, '3', 2, 6, 8),
(338, '3', 2, 5, 8),
(339, '4', 2, 5, 9),
(340, '4', 2, 6, 9),
(341, '', 2, 8, 9),
(342, '4', 2, 7, 9),
(343, '5', 2, 7, 10),
(344, '5', 2, 6, 10),
(345, '2', 1, 6, 6),
(346, '2', 1, 7, 6),
(347, '2', 1, 8, 6),
(348, '2', 1, 10, 6),
(349, '2', 1, 9, 6),
(350, 'Н', 1, 6, 13),
(351, 'Н', 1, 5, 13),
(352, 'Н', 1, 4, 13),
(353, 'У', 1, 4, 17),
(354, 'У', 1, 6, 17),
(355, 'У', 1, 5, 17),
(356, '5', 1, 12, 11),
(357, '5', 1, 12, 13),
(358, '5', 1, 12, 12),
(359, '5', 1, 2, 7),
(360, '5', 1, 3, 7),
(361, '5', 1, 4, 7),
(362, '5', 1, 5, 7),
(363, '5', 1, 6, 7),
(364, '2', 4, 13, 1),
(365, '2', 4, 13, 5),
(366, '5', 4, 13, 8),
(367, '5', 4, 13, 10);

-- --------------------------------------------------------

--
-- Структура таблицы `groups`
--

CREATE TABLE `groups` (
  `id` int(11) NOT NULL,
  `name` varchar(255) NOT NULL
) ENGINE=InnoDB DEFAULT CHARSET=utf8 COLLATE=utf8_general_ci;

--
-- Дамп данных таблицы `groups`
--

INSERT INTO `groups` (`id`, `name`) VALUES
(1, 'ИС-4'),
(2, 'ПД-4'),
(3, 'П-4'),
(4, 'Л-1'),
(5, 'Л-2'),
(6, 'Л-5'),
(7, 'Л-3');

-- --------------------------------------------------------

--
-- Структура таблицы `student`
--

CREATE TABLE `student` (
  `id` int(11) NOT NULL,
  `name` varchar(255) NOT NULL,
  `lastname` varchar(255) NOT NULL,
  `surname` varchar(255) NOT NULL,
  `group_id` int(11) DEFAULT NULL
) ENGINE=InnoDB DEFAULT CHARSET=utf8 COLLATE=utf8_general_ci;

--
-- Дамп данных таблицы `student`
--

INSERT INTO `student` (`id`, `name`, `lastname`, `surname`, `group_id`) VALUES
(2, 'Мария', 'Петрова', 'Игоревна', 1),
(3, 'Александр', 'Смирнов', 'Александрович', 1),
(4, 'Елена', 'Козлова', 'Викторовна', 1),
(5, 'Сергей', 'Морозов', 'Сергеевич', 1),
(6, 'Ольга', 'Кузнецова', 'Дмитриевна', 1),
(7, 'Дмитрий', 'Павлов', 'Андреевич', 1),
(8, 'Анна', 'Соколова', 'Павловна', 1),
(9, 'Артем', 'Васильев', 'Артемович', 1),
(10, 'Наталья', 'Перлова', 'Сергеевна', 1),
(11, 'Никита', 'Тотченко', 'Сергеевич', 1),
(12, 'Артем', 'Семернин', 'Витальевич', 1),
(13, 'Никита', 'Топченко', 'Сергеев', 3);

-- --------------------------------------------------------

--
-- Структура таблицы `subject`
--

CREATE TABLE `subject` (
  `id` int(11) NOT NULL,
  `name` varchar(255) NOT NULL,
  `group_id` int(11) DEFAULT NULL
) ENGINE=InnoDB DEFAULT CHARSET=utf8 COLLATE=utf8_general_ci;

--
-- Дамп данных таблицы `subject`
--

INSERT INTO `subject` (`id`, `name`, `group_id`) VALUES
(1, 'Информатика', 1),
(2, 'Численные методы', 1),
(4, 'МДК 08.01', 3);

-- --------------------------------------------------------

--
-- Структура таблицы `users`
--

CREATE TABLE `users` (
  `id` int(11) NOT NULL,
  `username` varchar(255) NOT NULL,
  `name` varchar(255) NOT NULL,
  `lastname` varchar(255) NOT NULL,
  `surname` varchar(255) NOT NULL,
  `password` varchar(255) NOT NULL,
  `role` varchar(255) NOT NULL
) ENGINE=InnoDB DEFAULT CHARSET=utf8 COLLATE=utf8_general_ci;

--
-- Дамп данных таблицы `users`
--

INSERT INTO `users` (`id`, `username`, `name`, `lastname`, `surname`, `password`, `role`) VALUES
(1, 'admin', 'Admin', 'Admin', 'Admin', '$2y$10$pE0J/.wjJOeZc0gOY9JUtutCfQUmMVpgJ5GoSdTJxQr/sdBJQKBl6', 'admin'),
(2, 'user', 'User', 'User', 'User', '$2y$10$pE0J/.wjJOeZc0gOY9JUtutCfQUmMVpgJ5GoSdTJxQr/sdBJQKBl6', 'user'),
(3, 'Zellar', 'Никита', 'Тотченко', 'Сергеевич', '$2y$10$/GUfRzkiGkpO2OZEPhL.YOLM1DvE6S5aLocMHxVHMbJ8mwNqENHJa', ''),
(4, 'Se7En', 'Артем', 'Семернин', 'Витальевич', '$2y$10$sbO/TcLweuPdiZeqKa9y7eDfQukhhKRLwZYR7k3soLisZCdYGZ/pe', ''),
(5, 'доапощзжооазхролавзехрлозхвуорщзавощаворщзваорщзаворщзвпоршврпршвршщвурпшщувкрпшщвршщпвршпровщзаповщзрпщворпзщваорпзщваорщзварощваорзщваорщзворщваорвщзаровщзарощзваорщзваорщзваорщзворщващозр', 'доапощзжооазхролавзехрлозхвуорщзавощаворщзваорщзаворщзвпоршврпршвршщвурпшщувкрпшщвршщпвршпровщзаповщзрпщворпзщваорпзщваорщзварощваорзщваорщзворщваорвщзаровщзарощзваорщзваорщзваорщзворщващозр', 'доапощзжооазхролавзехрлозхвуорщзавощаворщзваорщзаворщзвпоршврпршвршщвурпшщувкрпшщвршщпвршпровщзаповщзрпщворпзщваорпзщваорщзварощваорзщваорщзворщваорвщзаровщзарощзваорщзваорщзваорщзворщващозр', 'доапощзжооазхролавзехрлозхвуорщзавощаворщзваорщзаворщзвпоршврпршвршщвурпшщувкрпшщвршщпвршпровщзаповщзрпщворпзщваорпзщваорщзварощваорзщваорщзворщваорвщзаровщзарощзваорщзваорщзваорщзворщващозр', '$2y$10$fhlMdLRfOB0HacKwpalZo.q5jGtoTflb1wDB1cZPeklvak.hyxMzm', 'admin'),
(6, '1', 'fodshfiusldfsdgfjsdgjufgsdjufgdsjyfgsduygfsdgfildsygfsiuygfuysdgfusdy', 'fodshfiusldfsdgfjsdgjufgsdjufgdsjyfgsduygfsdgfildsygfsiuygfuysdgfusdy', 'fodshfiusldfsdgfjsdgjufgsdjufgdsjyfgsduygfsdgfildsygfsiuygfuysdgfusdy', '$2y$10$UH7EjJKaFZY.CJjf3is3xebdf.Q.6JbWo7fLqQHD1uhZwaSnYS7z2', ''),
(7, 'admin123', 'Никита', 'Тотченко', 'Сергеевич', '$2y$10$ky78sANFQOwbdFgfkw6qQukbppfFzpS8ObgYkUtihn7uxglNgPkqq', '');

--
-- Индексы сохранённых таблиц
--

--
-- Индексы таблицы `grade`
--
ALTER TABLE `grade`
  ADD PRIMARY KEY (`id`),
  ADD KEY `subject_id` (`subject_id`),
  ADD KEY `student_id` (`student_id`);

--
-- Индексы таблицы `groups`
--
ALTER TABLE `groups`
  ADD PRIMARY KEY (`id`);

--
-- Индексы таблицы `student`
--
ALTER TABLE `student`
  ADD PRIMARY KEY (`id`),
  ADD KEY `group_id` (`group_id`);

--
-- Индексы таблицы `subject`
--
ALTER TABLE `subject`
  ADD PRIMARY KEY (`id`),
  ADD KEY `group_id` (`group_id`);

--
-- Индексы таблицы `users`
--
ALTER TABLE `users`
  ADD PRIMARY KEY (`id`);

--
-- AUTO_INCREMENT для сохранённых таблиц
--

--
-- AUTO_INCREMENT для таблицы `grade`
--
ALTER TABLE `grade`
  MODIFY `id` int(11) NOT NULL AUTO_INCREMENT, AUTO_INCREMENT=368;

--
-- AUTO_INCREMENT для таблицы `groups`
--
ALTER TABLE `groups`
  MODIFY `id` int(11) NOT NULL AUTO_INCREMENT, AUTO_INCREMENT=8;

--
-- AUTO_INCREMENT для таблицы `student`
--
ALTER TABLE `student`
  MODIFY `id` int(11) NOT NULL AUTO_INCREMENT, AUTO_INCREMENT=14;

--
-- AUTO_INCREMENT для таблицы `subject`
--
ALTER TABLE `subject`
  MODIFY `id` int(11) NOT NULL AUTO_INCREMENT, AUTO_INCREMENT=5;

--
-- AUTO_INCREMENT для таблицы `users`
--
ALTER TABLE `users`
  MODIFY `id` int(11) NOT NULL AUTO_INCREMENT, AUTO_INCREMENT=8;

--
-- Ограничения внешнего ключа сохраненных таблиц
--

--
-- Ограничения внешнего ключа таблицы `grade`
--
ALTER TABLE `grade`
  ADD CONSTRAINT `grade_ibfk_1` FOREIGN KEY (`subject_id`) REFERENCES `subject` (`id`),
  ADD CONSTRAINT `grade_ibfk_2` FOREIGN KEY (`student_id`) REFERENCES `student` (`id`);

--
-- Ограничения внешнего ключа таблицы `student`
--
ALTER TABLE `student`
  ADD CONSTRAINT `student_ibfk_1` FOREIGN KEY (`group_id`) REFERENCES `groups` (`id`);

--
-- Ограничения внешнего ключа таблицы `subject`
--
ALTER TABLE `subject`
  ADD CONSTRAINT `subject_ibfk_1` FOREIGN KEY (`group_id`) REFERENCES `groups` (`id`);
COMMIT;

/*!40101 SET CHARACTER_SET_CLIENT=@OLD_CHARACTER_SET_CLIENT */;
/*!40101 SET CHARACTER_SET_RESULTS=@OLD_CHARACTER_SET_RESULTS */;
/*!40101 SET COLLATION_CONNECTION=@OLD_COLLATION_CONNECTION */;
